"category","subcategory","ID","Description","GeneRatio","BgRatio","RichFactor","FoldEnrichment","zScore","pvalue","p.adjust","qvalue","geneID","Count","GeneRatioNum","BgRatioNum"
"Metabolism","Carbohydrate metabolism","gga00010","Glycolysis / Gluconeogenesis","11/138","52/5944",0.00185060565275908,9.11148272017837,9.056793019624,1.89804024630891e-08,2.14478547832907e-06,1.8181227622538e-06,"BPGM/LDHB/GAPDH/TPI1/PGK2/LDHA/PGAM1/PGM1/PKLR/GPI/FBP2",11,11,5944
"Cellular Processes","Cell motility","gga04820","Cytoskeleton in muscle cells","20/138","213/5944",0.00336473755047106,4.04436279512826,6.97549281804406,7.25220007542963e-08,4.09749304261774e-06,3.47342214138998e-06,"LMOD2/MYBPC1/MYL3/COL6A6/FMN2/FHL1/ATP1B4/MYOZ2/ANKRD2/COL11A1/TNNC1/MYOZ3/MYOT/MYH1F/MYH1E/MYH1C/MYH1G/FHL3/TPM2/TMOD1",20,20,5944
"Metabolism","Global and overview maps","gga01200","Carbon metabolism","11/138","99/5944",0.00185060565275908,4.78582930756844,5.85585428129313,1.56062652368066e-05,0.000587835990586381,0.000498305311069965,"GAPDH/TPI1/RGN/PGK2/PGAM1/PKLR/GPI/PGP/PSPH/AGXT2/FBP2",11,11,5944
"Metabolism","Global and overview maps","gga01230","Biosynthesis of amino acids","8/138","59/5944",0.00134589502018843,5.84033407025301,5.76012624038674,5.62816739449682e-05,0.00158995728894535,0.00134779798131371,"PAH/GAPDH/TPI1/PGK2/PGAM1/GLUL/PKLR/PSPH",8,8,5944
"Metabolism","Carbohydrate metabolism","gga00500","Starch and sucrose metabolism","5/138","33/5944",0.000841184387617766,6.52613087395696,4.90740101991527,0.000882092174408454,0.0199352831416311,0.0168990290255093,"PGM2L1/GANC/AGL/PGM1/GPI",5,5,5944
"Metabolism","Amino acid metabolism","gga00260","Glycine, serine and threonine metabolism","5/138","38/5944",0.000841184387617766,5.66742944317315,4.44965901046225,0.00169995457610208,0.0320158111832558,0.0271396256886472,"BPGM/PGAM1/PSPH/AGXT2/BHMT2",5,5,5944
"Metabolism","Carbohydrate metabolism","gga00030","Pentose phosphate pathway","4/138","26/5944",0.000672947510094213,6.62653288740245,4.43245104692275,0.00279530377313665,0.0451241894806345,0.0382515253166068,"RGN/PGM1/GPI/FBP2",4,4,5944
